trades,pf,wr,pnl,pctile,draws,null_median,maxdd,sym,sector,N,cost
73,1.8961191448506236,0.3698630136986301,402.1667918915296,0.655,200,1.7222274990516886,2.8238222245405646,GLD,metals,20,cheap_2bp
70,1.8277942453267257,0.32857142857142857,305.7858531864051,0.685,200,1.6035920205177894,4.863896776123722,SLV,metals,20,cheap_2bp
72,1.95065819434981,0.3888888888888889,407.19735597037965,0.655,200,1.717992051648541,2.946471456103248,IAU,metals,20,cheap_2bp
76,1.154982371721127,0.3815789473684211,60.772996093273406,0.5,200,1.157583737644339,7.286079809814991,PPLT,metals,20,cheap_2bp
84,0.982711461321467,0.27380952380952384,-9.723060536403771,0.27,200,1.177952408043947,8.437370237017046,CPER,metals,20,cheap_2bp
79,0.9596831189092497,0.31645569620253167,-19.86416828571873,0.285,200,1.1510517751929974,10.153851994715806,PALL,metals,20,cheap_2bp
69,1.8505236139096113,0.34782608695652173,352.6804085851793,0.66,200,1.5880398825070166,5.5087606893099,USO,energy,20,cheap_2bp
66,2.169870337406194,0.42424242424242425,438.96574230500926,0.845,200,1.7334390024566142,3.1106746554674225,BNO,energy,20,cheap_2bp
79,0.8638647318240875,0.34177215189873417,-60.11242313774927,0.38,200,0.9344422620870063,6.6303717970521525,UNG,energy,20,cheap_2bp
81,1.262221575036008,0.32098765432098764,129.9754281438051,0.26,200,1.4836043726068469,11.55283520785848,UGA,energy,20,cheap_2bp
68,1.3468224510059388,0.38235294117647056,132.59504168896484,0.695,200,1.1308127013130438,6.82738010400914,XLE,energy,20,cheap_2bp
73,1.2037936402145475,0.3972602739726027,81.14219442352243,0.165,200,1.4801070202448385,4.659212684395915,SPY,equity,20,cheap_2bp
70,1.3695677987183694,0.4,143.63417603318948,0.33,200,1.5282282752770862,4.484314121274392,QQQ,equity,20,cheap_2bp
70,0.9641404741319869,0.32857142857142857,-15.47623460719783,0.54,200,0.938572303407801,9.08672185256366,IWM,equity,20,cheap_2bp
85,0.8327524967462682,0.3058823529411765,-83.3752582910395,0.13,200,1.1206129576571051,8.48695145382939,EFA,equity,20,cheap_2bp
84,1.0145408261191542,0.36904761904761907,6.765635567498445,0.415,200,1.0746127082671366,6.091701919206554,EEM,equity,20,cheap_2bp
89,0.7858338015337606,0.25842696629213485,-116.16244793076932,0.07,200,1.1599768364523382,9.839534458620502,EWJ,equity,20,cheap_2bp
86,0.8966696438757583,0.32558139534883723,-52.35978579733185,0.315,200,1.047000265705516,6.938866831377586,EWG,equity,20,cheap_2bp
83,0.8146205680565378,0.3253012048192771,-82.4922821836254,0.185,200,1.011261166684675,5.265929066738707,FEZ,equity,20,cheap_2bp
85,0.8334904773647497,0.3058823529411765,-85.33225125309414,0.14,200,1.169160380772044,9.974074136514227,EWU,equity,20,cheap_2bp
84,0.8476335533409841,0.2976190476190476,-81.55342242907707,0.34,200,0.9604038920581981,7.607006665553281,TLT,rates,20,cheap_2bp
83,0.9857926699575278,0.3253012048192771,-7.252262504332315,0.305,200,1.1592850071793692,6.85809855193948,IEF,rates,20,cheap_2bp
32,3.335241028512963,0.5,374.1524468901794,0.765,200,2.3675750630727226,1.0238602159814802,SHY,rates,20,cheap_2bp
77,0.6704281931724049,0.2727272727272727,-167.58845663736986,0.135,200,0.9779511684541968,8.379422831868464,TIP,rates,20,cheap_2bp
71,1.1825584429652944,0.352112676056338,77.81897848970637,0.615,200,1.0712125293167762,4.041872863918444,LQD,rates,20,cheap_2bp
71,0.6691284708477105,0.323943661971831,-139.54092210604077,0.1,200,0.9173395429423706,8.356767490944685,HYG,rates,20,cheap_2bp
69,0.9696535763589983,0.3333333333333333,-12.223730886787342,0.41,200,1.047342518961363,5.128883190283183,BWX,rates,20,cheap_2bp
81,0.9424297696696757,0.4074074074074074,-25.280452311373885,0.59,200,0.8821896458253188,6.43832903249756,FXE,fx,20,cheap_2bp
83,1.314353016781839,0.3855421686746988,153.83217103468655,0.415,200,1.399683917245789,5.610085498541305,FXY,fx,20,cheap_2bp
94,0.8307351071611362,0.2978723404255319,-97.10203879793377,0.12,200,1.105786386381965,7.686622589299811,FXB,fx,20,cheap_2bp
94,0.7990281209362826,0.32978723404255317,-111.20931755648336,0.265,200,0.9308664584444459,10.602674811710205,FXA,fx,20,cheap_2bp
86,1.0046445910100514,0.313953488372093,2.4525447543457535,0.37,200,1.1330283646872505,7.188401120657225,FXF,fx,20,cheap_2bp
77,1.1915750820530957,0.35064935064935066,85.5084261798835,0.425,200,1.2766891291193603,4.214145327314625,UUP,fx,20,cheap_2bp
75,1.1993307524858177,0.3466666666666667,83.03051516954606,0.635,200,1.1060060148263162,7.248486574432975,DBA,ags,20,cheap_2bp
69,1.1552819135615582,0.391304347826087,62.393465648837925,0.61,200,1.032234425437827,4.138097699626019,CORN,ags,20,cheap_2bp
71,0.8688295010374109,0.4084507042253521,-46.654065797586725,0.575,200,0.8178149844867806,4.35725956678176,WEAT,ags,20,cheap_2bp
69,1.2875408729110922,0.34782608695652173,112.58427515038196,0.785,200,1.021500402045219,4.175412000802056,SOYB,ags,20,cheap_2bp
75,1.215735400657632,0.32,91.6194109938074,0.56,200,1.1367104886458899,5.828326613643196,CANE,ags,20,cheap_2bp
80,1.2222916817228284,0.3125,113.82086356641491,0.275,200,1.4108783751052025,9.20625194229509,DBC,cmdty,20,cheap_2bp
79,1.3008834129724938,0.3291139240506329,158.93565080023745,0.3,200,1.4556013984156708,9.566462416697487,GSG,cmdty,20,cheap_2bp
32,3.5377470349230316,0.46875,363.3441593801509,0.94,200,2.0215544843620075,2.1279203969977694,GLD,metals,100,cheap_2bp
31,2.0300213255320068,0.3225806451612903,197.5576771876548,0.695,200,1.6330716647678711,5.146755436829937,SLV,metals,100,cheap_2bp
33,3.171879803453846,0.45454545454545453,345.71361832608557,0.905,200,2.0447246560606915,2.8876003956488816,IAU,metals,100,cheap_2bp
32,0.9130002706115524,0.3125,-16.83285682596544,0.315,200,1.105451056567539,7.215073030497159,PPLT,metals,100,cheap_2bp
32,1.5064828704315893,0.375,94.90492596416796,0.585,200,1.337645418520104,3.0582797253263956,CPER,metals,100,cheap_2bp
43,1.0403641936905148,0.37209302325581395,10.177844827134075,0.39,200,1.1366199855928691,5.167707394044909,PALL,metals,100,cheap_2bp
32,1.9274781489017945,0.34375,200.83131021939934,0.705,200,1.5544533100256248,5.918814871257458,USO,energy,100,cheap_2bp
31,2.3483294425408427,0.41935483870967744,250.1560018261697,0.8,200,1.7472177256955397,4.5191550063435795,BNO,energy,100,cheap_2bp
44,0.765162483088592,0.25,-72.98705221066294,0.385,200,0.8817748394650236,6.982223031402349,UNG,energy,100,cheap_2bp
34,2.174318620116141,0.4117647058823529,220.93360654311263,0.79,200,1.575102699522751,2.9300035150452857,UGA,energy,100,cheap_2bp
34,1.2892970492209226,0.35294117647058826,62.76486425810389,0.63,200,1.0660271250943039,5.988866569728649,XLE,energy,100,cheap_2bp
41,1.9151886039797859,0.5121951219512195,175.9281628775297,0.625,200,1.7459678713696185,1.9656803605722428,SPY,equity,100,cheap_2bp
42,1.7657560781761372,0.4523809523809524,172.07185529153787,0.525,200,1.7204184894163679,3.298462249885501,QQQ,equity,100,cheap_2bp
34,0.8887193446644979,0.29411764705882354,-21.19481447525289,0.32,200,1.1011692250516107,4.4490314211645146,IWM,equity,100,cheap_2bp
51,0.514191551067871,0.2549019607843137,-153.53790015237888,0.0,200,1.2373111192714852,9.459783029374922,EFA,equity,100,cheap_2bp
47,0.6428243084704757,0.3191489361702128,-96.90067084276336,0.07,200,1.080578199413628,6.567210379771024,EEM,equity,100,cheap_2bp
43,1.1916212405647593,0.27906976744186046,47.078920813357584,0.61,200,1.1064848643276122,4.775661655589369,EWJ,equity,100,cheap_2bp
42,0.9294683872666043,0.40476190476190477,-14.825576389251772,0.33,200,1.058052251711012,2.7747499325575555,EWG,equity,100,cheap_2bp
48,0.6103233067083279,0.3333333333333333,-107.12357867794194,0.01,200,1.1219848437011835,6.165887658362703,FEZ,equity,100,cheap_2bp
43,0.8349311179692599,0.3488372093023256,-39.75307367577517,0.17,200,1.1609980055515454,6.179159836347129,EWU,equity,100,cheap_2bp
30,1.3230174509781638,0.3333333333333333,58.122303237583566,0.835,200,0.9157348781113956,2.3400917638302405,TLT,rates,100,cheap_2bp
38,1.2144157889322793,0.3157894736842105,49.25690095626135,0.59,200,1.1030412679987258,5.875889858623866,IEF,rates,100,cheap_2bp
22,5.560124433440619,0.5454545454545454,366.76140330173604,0.91,200,2.4680028493601966,1.142927160912214,SHY,rates,100,cheap_2bp
34,1.0146102903624439,0.35294117647058826,2.804922196993518,0.54,200,0.9559265226227548,3.3439121919333346,TIP,rates,100,cheap_2bp
29,2.523885803804336,0.5517241379310345,207.67304975709712,0.97,200,0.9489214083572919,1.514560374961119,LQD,rates,100,cheap_2bp
39,0.7046577337878829,0.28205128205128205,-72.77557694397551,0.25,200,0.9056182834278989,5.780198040843425,HYG,rates,100,cheap_2bp
34,0.8469962335754546,0.35294117647058826,-28.470866483484606,0.41,200,0.9472247364424675,3.9402055302327725,BWX,rates,100,cheap_2bp
42,0.4345412598115477,0.3333333333333333,-147.2159191411982,0.02,200,0.8623686341021358,8.75851512752738,FXE,fx,100,cheap_2bp
44,1.0317010166718472,0.3181818181818182,8.842349351260532,0.2,200,1.4078389404352234,6.390914822571755,FXY,fx,100,cheap_2bp
47,0.5992544791935618,0.2978723404255319,-116.02883302176464,0.07,200,1.084360132522606,5.922212682875953,FXB,fx,100,cheap_2bp
45,0.4684412480848944,0.24444444444444444,-149.95309648025363,0.04,200,0.9054214406668316,9.261215647836673,FXA,fx,100,cheap_2bp
36,0.6601924521816102,0.3611111111111111,-60.240894601209675,0.17,200,1.0771576067583744,4.123975876571774,FXF,fx,100,cheap_2bp
34,1.1566012973634887,0.3235294117647059,26.198958027671924,0.36,200,1.2930628222542124,2.5130348184636038,UUP,fx,100,cheap_2bp
35,1.3374077352395362,0.37142857142857144,59.827637862192546,0.645,200,1.1633125934679924,3.535489264214479,DBA,ags,100,cheap_2bp
36,1.158924125365981,0.3333333333333333,33.4263251098257,0.685,200,0.9419537862161753,4.246540044610831,CORN,ags,100,cheap_2bp
41,0.2637917491521829,0.1951219512195122,-200.2492373821,0.0,200,0.8134462985834934,10.75524913407269,WEAT,ags,100,cheap_2bp
32,1.5241036775702064,0.375,103.30698845283271,0.775,200,0.9110844032724336,3.9682092140017797,SOYB,ags,100,cheap_2bp
42,1.011316731644116,0.2619047619047619,3.1613153333541355,0.465,200,1.062994728890059,5.474291131297612,CANE,ags,100,cheap_2bp
38,1.651013014027155,0.3157894736842105,157.92908881904316,0.65,200,1.439563359710654,6.456034175047458,DBC,cmdty,100,cheap_2bp
36,1.7409799220915534,0.3333333333333333,183.23138337409983,0.695,200,1.4304004123956373,4.169907120062854,GSG,cmdty,100,cheap_2bp
73,1.8543043020428311,0.3698630136986301,388.4416620274503,0.655,200,1.6840921064066032,2.9074104124972346,GLD,metals,20,mid_6bp
69,1.7848335507976976,0.3333333333333333,294.64818101140474,0.69,200,1.5584560777161514,5.105678893803803,SLV,metals,20,mid_6bp
72,1.9069773194105148,0.3888888888888889,393.66253923821677,0.67,200,1.6538374802692397,3.0534624520564164,IAU,metals,20,mid_6bp
76,1.1299659296493563,0.3815789473684211,51.505450419466,0.495,200,1.1357457160674946,7.510533756738726,PPLT,metals,20,mid_6bp
83,0.9670639172248737,0.26506024096385544,-18.6575136809285,0.27,200,1.160385763684966,8.593868571469375,CPER,metals,20,mid_6bp
80,0.9258697149998761,0.3,-37.52759632806093,0.28,200,1.1334224015705803,10.812989701608094,PALL,metals,20,mid_6bp
69,1.823295430600333,0.34782608695652173,344.47591517926367,0.66,200,1.5611244140247493,5.64941712578033,USO,energy,20,mid_6bp
66,2.1373027052927194,0.42424242424242425,430.52052110095474,0.845,200,1.7035213171479924,3.145890815318602,BNO,energy,20,mid_6bp
79,0.8498283494006902,0.34177215189873417,-66.80853726120219,0.39,200,0.9255783658519137,6.781085058186396,UNG,energy,20,mid_6bp
81,1.2392206136347048,0.32098765432098764,119.87763508716489,0.26,200,1.4597254712608616,11.724068382617645,UGA,energy,20,mid_6bp
68,1.3223862039548717,0.38235294117647056,124.46546052667686,0.695,200,1.1037848042840297,6.98345892711576,XLE,energy,20,mid_6bp
73,1.1752164839792993,0.3972602739726027,70.56796270861985,0.165,200,1.4485794393616707,4.906757829758989,SPY,equity,20,mid_6bp
70,1.3431639859929632,0.4,134.65408789076037,0.32,200,1.503762089587084,4.556178801438129,QQQ,equity,20,mid_6bp
70,0.9457146356992675,0.32857142857142857,-23.658022391957672,0.54,200,0.9181780946147675,9.26619789857763,IWM,equity,20,mid_6bp
85,0.8095354040698682,0.3058823529411765,-96.31225408567731,0.135,200,1.089398304980766,8.870394176773074,EFA,equity,20,mid_6bp
84,0.9901666837755556,0.36904761904761907,-4.626170586011642,0.415,200,1.0528588141936521,6.2426420446255015,EEM,equity,20,mid_6bp
89,0.765935656992976,0.24719101123595505,-128.67181014589076,0.07,200,1.1254099106343758,10.355747058105488,EWJ,equity,20,mid_6bp
86,0.8751946626230142,0.313953488372093,-64.0143972557519,0.33,200,1.018445166549732,7.309445412045011,EWG,equity,20,mid_6bp
83,0.7924523878012044,0.3253012048192771,-93.58159213086785,0.17,200,0.9880622667910758,5.771049615624758,FEZ,equity,20,mid_6bp
85,0.8122855086750779,0.3058823529411765,-97.41325068054006,0.145,200,1.1348904915344233,10.317597288304668,EWU,equity,20,mid_6bp
84,0.8257058136848328,0.2976190476190476,-94.49552790842915,0.345,200,0.9326870937346355,7.828566943413351,TLT,rates,20,mid_6bp
83,0.9392970922051661,0.3253012048192771,-31.765967135324676,0.305,200,1.106782482537221,7.31843927036961,IEF,rates,20,mid_6bp
32,3.103189929680447,0.5,354.169112816196,0.765,200,2.185404172233425,1.0765701064138382,SHY,rates,20,mid_6bp
77,0.6316351978501192,0.2727272727272727,-193.09055996326123,0.135,200,0.9175130470679886,9.654527998163076,TIP,rates,20,mid_6bp
71,1.1339912374083838,0.352112676056338,58.44757878462223,0.625,200,1.0158545562525019,4.299616348474633,LQD,rates,20,mid_6bp
71,0.6315530656375766,0.323943661971831,-159.97470085014118,0.105,200,0.8609379512215198,9.12558971911426,HYG,rates,20,mid_6bp
69,0.9314865159909981,0.3333333333333333,-28.211960396408912,0.41,200,1.0090273945709456,5.251915405339542,BWX,rates,20,mid_6bp
81,0.8967054482644319,0.37037037037037035,-46.434254868887166,0.585,200,0.8359762173063561,6.656315102227215,FXE,fx,20,mid_6bp
83,1.2606734244887066,0.3855421686746988,130.42678374472877,0.4,200,1.3441293066982634,5.980627070197146,FXY,fx,20,mid_6bp
95,0.7841697683339685,0.29473684210526313,-128.47351338662867,0.1,200,1.0623271479288996,8.723789802760844,FXB,fx,20,mid_6bp
94,0.7685518647364233,0.32978723404255317,-130.39014666776586,0.28,200,0.8910416171087823,11.389488631806381,FXA,fx,20,mid_6bp
86,0.9629956909272027,0.313953488372093,-19.964849323136406,0.375,200,1.0810309029396081,7.8423649193843135,FXF,fx,20,mid_6bp
77,1.138205445294467,0.35064935064935066,63.244669990835746,0.415,200,1.2222479181153632,4.430736944341926,UUP,fx,20,mid_6bp
75,1.184950526112707,0.3466666666666667,77.03104898932025,0.66,200,1.073225068867921,7.4472207195468005,DBA,ags,20,mid_6bp
69,1.1309218258140687,0.391304347826087,53.14857526277723,0.61,200,1.0185927908783188,4.274232994936985,CORN,ags,20,mid_6bp
71,0.8486105303575039,0.4084507042253521,-54.3661500103838,0.575,200,0.7966456224565539,4.60519624579422,WEAT,ags,20,mid_6bp
71,1.16877019560757,0.323943661971831,71.55031674547544,0.685,200,0.9930336365749303,5.764298753306948,SOYB,ags,20,mid_6bp
75,1.1671607759160236,0.32,72.99475131035416,0.545,200,1.1177379374088705,5.824699228125416,CANE,ags,20,mid_6bp
80,1.197156409820153,0.3125,102.12356398437794,0.285,200,1.3794590178036117,9.43578155927875,DBC,cmdty,20,mid_6bp
79,1.2685869931178004,0.3291139240506329,144.29061874648673,0.295,200,1.4234713753061365,9.929222641798011,GSG,cmdty,20,mid_6bp
32,3.4492986365241456,0.46875,357.0854189781792,0.96,200,1.9688518688062557,2.2191853796274748,GLD,metals,100,mid_6bp
31,1.9987945187498768,0.3225806451612903,193.66846871981988,0.705,200,1.595440262521615,5.224695104803625,SLV,metals,100,mid_6bp
33,3.097135187266172,0.45454545454545453,339.4138317070433,0.905,200,1.9780467908059958,2.9993510933769194,IAU,metals,100,mid_6bp
32,0.8961814839392805,0.3125,-20.297468476376284,0.315,200,1.0847500300942614,7.320372433243662,PPLT,metals,100,mid_6bp
32,1.4785714101860123,0.375,90.70275092217666,0.58,200,1.3241361672396326,3.1035903619736094,CPER,metals,100,mid_6bp
44,0.9341158357471003,0.3409090909090909,-17.8473714477995,0.33,200,1.1165476178061025,6.416809609162547,PALL,metals,100,mid_6bp
32,1.9037426621540803,0.34375,197.32398373021022,0.7,200,1.5294917077123658,5.982369467928187,USO,energy,100,mid_6bp
31,2.3191538638871108,0.41935483870967744,246.63295953434672,0.805,200,1.7193526520122875,4.575258426970988,BNO,energy,100,mid_6bp
44,0.7559051078178836,0.25,-76.35810447200707,0.385,200,0.8484889953047483,7.060635241653027,UNG,energy,100,mid_6bp
34,2.142224604651264,0.4117647058823529,216.95762592559737,0.79,200,1.5506455871255207,2.9905246887684136,UGA,energy,100,mid_6bp
34,1.2697984443557633,0.35294117647058826,59.05248451071409,0.63,200,1.034896977060889,6.088756537849836,XLE,energy,100,mid_6bp
41,1.8687071835644604,0.5121951219512195,169.1177874805909,0.615,200,1.7039832127539416,2.041191687367909,SPY,equity,100,mid_6bp
44,1.4780575918870145,0.4318181818181818,118.18817727145809,0.345,200,1.695788297419423,3.3356085434670426,QQQ,equity,100,mid_6bp
34,0.8678036468217688,0.29411764705882354,-25.54363938443593,0.315,200,1.0777721790520087,4.521247776748142,IWM,equity,100,mid_6bp
51,0.4982841155713176,0.2549019607843137,-160.94894390593254,0.0,200,1.1984820546328336,9.75141627287394,EFA,equity,100,mid_6bp
47,0.6251518196356097,0.3191489361702128,-102.98256920380727,0.075,200,1.0536624401038654,6.762967242375533,EEM,equity,100,mid_6bp
43,1.1616639177102854,0.27906976744186046,40.386885635421336,0.61,200,1.0636222123522618,4.923837108841194,EWJ,equity,100,mid_6bp
42,0.902479383159698,0.40476190476190477,-20.789817452865336,0.335,200,1.0328581238663217,2.8782033477431637,EWG,equity,100,mid_6bp
48,0.5927024596458785,0.3333333333333333,-113.46062244929179,0.01,200,1.096230840026883,6.446287500315756,FEZ,equity,100,mid_6bp
43,0.8110966008717977,0.3488372093023256,-46.15822002696505,0.17,200,1.1342095348830925,6.371429133502252,EWU,equity,100,mid_6bp
30,1.2900096847273763,0.3333333333333333,53.042579432620194,0.84,200,0.8911670776999243,2.372323210990852,TLT,rates,100,mid_6bp
38,1.1578096710717827,0.3157894736842105,37.38385656947446,0.605,200,1.0496225669412418,6.114742496712921,IEF,rates,100,mid_6bp
22,5.126883265933354,0.5454545454545454,353.22755232598246,0.91,200,2.2743946947578597,1.2097268230885576,SHY,rates,100,mid_6bp
34,0.9534389864606685,0.35294117647058826,-9.274451819104536,0.54,200,0.8925442010524817,3.47525314660131,TIP,rates,100,mid_6bp
29,2.4352979763314724,0.5517241379310345,199.40665353209926,0.975,200,0.900868781743953,1.558646710729168,LQD,rates,100,mid_6bp
39,0.6695091533204198,0.28205128205128205,-83.87483006311903,0.26,200,0.8525834379409529,6.113273123026295,HYG,rates,100,mid_6bp
34,0.81082793442952,0.35294117647058826,-36.024459627471145,0.42,200,0.8990262512088367,4.16842910170999,BWX,rates,100,mid_6bp
42,0.4107630654610365,0.3333333333333333,-156.86154824640798,0.015,200,0.806075978497099,9.184409721196992,FXE,fx,100,mid_6bp
44,0.987860300325369,0.3181818181818182,-3.47609892739311,0.195,200,1.3462458410872349,6.643502694281915,FXY,fx,100,mid_6bp
47,0.5726201353413685,0.2765957446808511,-126.7127725696441,0.07,200,1.0375311227746353,6.418463100154859,FXB,fx,100,mid_6bp
45,0.44818364624313617,0.24444444444444444,-159.0576875904431,0.04,200,0.8715350193306821,9.671695437536648,FXA,fx,100,mid_6bp
36,0.6186879110674348,0.3333333333333333,-69.8095168562479,0.15,200,1.0252858662455957,4.524972957284114,FXF,fx,100,mid_6bp
34,1.098613750935215,0.3235294117647059,17.026013764498387,0.355,200,1.229734388756225,2.6259758830729147,UUP,fx,100,mid_6bp
35,1.2987268517573394,0.37142857142857144,53.918990686640434,0.65,200,1.1358084475607635,3.632990995827915,DBA,ags,100,mid_6bp
36,1.1334591445001505,0.3333333333333333,28.456120321842022,0.685,200,0.9200657560285909,4.3267750355208285,CORN,ags,100,mid_6bp
41,0.25703440949507117,0.1951219512195122,-204.31010110907985,0.0,200,0.7929986877682433,10.941818905692974,WEAT,ags,100,mid_6bp
32,1.494727432713851,0.375,98.69333415492592,0.785,200,0.8803989651964377,4.105602668765514,SOYB,ags,100,mid_6bp
42,0.9935312031515159,0.2619047619047619,-1.8269272566238968,0.465,200,1.0414103301898077,5.560547222016531,CANE,ags,100,mid_6bp
38,1.619073702547878,0.3157894736842105,152.1320375034926,0.665,200,1.3990012728856631,6.551042825915565,DBC,cmdty,100,mid_6bp
37,1.6415912676427837,0.32432432432432434,167.24545554770955,0.645,200,1.4031029509449153,4.7241669237014765,GSG,cmdty,100,mid_6bp
74,1.670685001679948,0.35135135135135137,326.5538477350047,0.65,200,1.5300873038224467,3.937144643812416,GLD,metals,20,rich_20bp
70,1.5572973374339996,0.2857142857142857,231.54429547390615,0.605,200,1.4227777999519566,6.314029248893275,SLV,metals,20,rich_20bp
74,1.678786283450373,0.36486486486486486,322.46864040519074,0.615,200,1.5280014445157444,4.528401379002162,IAU,metals,20,rich_20bp
78,0.9468112177504967,0.3333333333333333,-23.045492349381348,0.425,200,1.0367159221396307,9.068789647372258,PPLT,metals,20,rich_20bp
83,0.9203010546850118,0.25301204819277107,-46.952075697257584,0.3,200,1.086807503487052,9.139587429993156,CPER,metals,20,rich_20bp
80,0.8763328923187498,0.3,-64.33146193622551,0.29,200,1.0634501327293866,11.537987044138152,PALL,metals,20,rich_20bp
69,1.731968355908415,0.3188405797101449,315.9811530571213,0.675,200,1.4646959001392776,6.1401346024365155,USO,energy,20,rich_20bp
67,1.9658533238909874,0.40298507462686567,388.8467053120425,0.825,200,1.6081281043415454,3.2690658885626798,BNO,energy,20,rich_20bp
78,0.8248582052225062,0.358974358974359,-77.95779578809338,0.445,200,0.8528641919253297,6.719087702272711,UNG,energy,20,rich_20bp
83,1.0820388495382955,0.2891566265060241,44.90355252050628,0.205,200,1.3644943966139356,12.32087648379343,UGA,energy,20,rich_20bp
68,1.2411693938953416,0.38235294117647056,96.25132476261315,0.735,200,1.0071113291856326,7.527757097398825,XLE,energy,20,rich_20bp
73,1.080216179766348,0.3835616438356164,33.635392482167,0.185,200,1.3351343076727251,5.958476744959768,SPY,equity,20,rich_20bp
70,1.2552691252866912,0.38571428571428573,103.51481012435048,0.355,200,1.3836688923105782,4.865839188118034,QQQ,equity,20,rich_20bp
70,0.8844921467560661,0.32857142857142857,-52.03386876496633,0.57,200,0.8383321134791946,9.891673117355621,IWM,equity,20,rich_20bp
83,0.7842820049999413,0.3253012048192771,-108.77445694552223,0.225,200,0.9825765670214475,8.647504978178365,EFA,equity,20,rich_20bp
85,0.9045346926391599,0.3411764705882353,-47.597456468578024,0.425,200,0.9351081078214329,6.764245392392136,EEM,equity,20,rich_20bp
90,0.6514542813191848,0.2111111111111111,-206.5224231216798,0.04,200,1.0191011439367421,13.807784549019258,EWJ,equity,20,rich_20bp
84,0.8414029704529085,0.32142857142857145,-81.77172356877628,0.375,200,0.9234303150527757,7.515411131549843,EWG,equity,20,rich_20bp
83,0.6849142260855869,0.30120481927710846,-152.06049979936748,0.13,200,0.8897090345437982,8.51630693734671,FEZ,equity,20,rich_20bp
85,0.7431920542064306,0.29411764705882354,-139.1066093066675,0.15,200,1.0313341516311962,11.509833973844206,EWU,equity,20,rich_20bp
85,0.7380575088123768,0.27058823529411763,-150.72468679600814,0.33,200,0.8458564312534855,8.643733811495133,TLT,rates,20,rich_20bp
83,0.796781243297752,0.3132530120481928,-115.24277393385954,0.315,200,0.9381734565452696,8.912260226712181,IEF,rates,20,rich_20bp
32,2.453469362400817,0.5,285.50223565154835,0.805,200,1.5897557966413196,1.3402768952731776,SHY,rates,20,rich_20bp
77,0.514761259671084,0.2597402597402597,-281.49123738150627,0.14,200,0.7385128233598709,14.074561869075353,TIP,rates,20,rich_20bp
71,0.9747678692518118,0.3380281690140845,-11.973189917923126,0.64,200,0.8702671201139724,5.196554185340205,LQD,rates,20,rich_20bp
68,0.5471843818916506,0.3088235294117647,-206.63482355247572,0.165,200,0.703371031324686,10.670498563516366,HYG,rates,20,rich_20bp
69,0.812292807076386,0.3188405797101449,-83.18001133643409,0.41,200,0.8865472181907066,5.681373565897753,BWX,rates,20,rich_20bp
83,0.7021260963922039,0.3253012048192771,-154.3590451900142,0.525,200,0.68597011305697,9.905864883761097,FXE,fx,20,rich_20bp
83,1.1002191124579135,0.3614457831325301,53.686717810068394,0.4,200,1.1614126964751117,7.2665505156914,FXY,fx,20,rich_20bp
96,0.6704458129115126,0.2916666666666667,-212.467146698958,0.1,200,0.9293942815780132,12.517473286219637,FXB,fx,20,rich_20bp
94,0.6724607138715409,0.30851063829787234,-196.0184026497572,0.295,200,0.7759134840789295,14.08986692064975,FXA,fx,20,rich_20bp
87,0.8075520871103217,0.3103448275862069,-114.11173978247211,0.34,200,0.9305014742061937,10.952842337777506,FXF,fx,20,rich_20bp
78,0.9364255815255749,0.32051282051282054,-32.69824936050236,0.35,200,1.0418092136718817,6.772684198457858,UUP,fx,20,rich_20bp
75,0.9980853656424974,0.3466666666666667,-0.8605558482558777,0.565,200,0.9599420689828944,8.7601501826356,DBA,ags,20,rich_20bp
69,1.0501547233732473,0.36231884057971014,21.11162594436553,0.65,200,0.9264244283117655,4.749257858857453,CORN,ags,20,rich_20bp
71,0.7749129283452664,0.39436619718309857,-84.18935877880776,0.555,200,0.715998933122456,5.619086412797428,WEAT,ags,20,rich_20bp
72,1.0545405250806927,0.3055555555555556,24.68072361418842,0.65,200,0.9042031585937196,6.95842422810671,SOYB,ags,20,rich_20bp
75,1.0887677163105858,0.32,40.210458545617534,0.58,200,1.0016352936905395,6.276825778952559,CANE,ags,20,rich_20bp
81,1.0812208021372907,0.2962962962962963,44.603388306528316,0.265,200,1.2428951897574796,10.717165379459042,DBC,cmdty,20,rich_20bp
80,1.1408366285006413,0.325,78.89998837277652,0.31,200,1.3203827692942747,10.644755400918841,GSG,cmdty,20,rich_20bp
32,3.0339484975596176,0.4375,328.0334208332348,0.92,200,1.807055465481304,2.8994270265974333,GLD,metals,100,rich_20bp
31,1.8950186997239584,0.3225806451612903,180.10832483744392,0.705,200,1.4713463739924628,5.497021898997408,SLV,metals,100,rich_20bp
33,2.8540922832581503,0.42424242424242425,317.4932067589995,0.905,200,1.7946919694342656,3.3895276079994123,IAU,metals,100,rich_20bp
32,0.8401739140388004,0.3125,-32.37763272572235,0.335,200,1.0066252559307935,7.688027839757529,PPLT,metals,100,rich_20bp
32,1.3860607120141573,0.375,76.05911774006502,0.595,200,1.223361251906011,3.262023493075704,CPER,metals,100,rich_20bp
44,0.8808234275824472,0.3409090909090909,-33.210268299602106,0.345,200,1.038767712784658,6.888072789034819,PALL,metals,100,rich_20bp
32,1.8234619482736931,0.3125,185.09076126655205,0.705,200,1.4309646167982102,6.204488109476877,USO,energy,100,rich_20bp
31,2.2208199860561293,0.41935483870967744,234.34444824376342,0.82,200,1.6340248087679785,4.77137029105206,BNO,energy,100,rich_20bp
43,0.7535323360597396,0.27906976744186046,-75.99006502597935,0.465,200,0.795173678768321,6.747102539387812,UNG,energy,100,rich_20bp
34,2.032664595653937,0.38235294117647056,203.09552016354706,0.815,200,1.4546078698157858,3.202075912768143,UGA,energy,100,rich_20bp
34,1.2044144441300781,0.35294117647058826,46.109672754748765,0.645,200,0.9468134139802222,6.437591702955666,XLE,energy,100,rich_20bp
41,1.7158597576166026,0.5121951219512195,145.44398978886434,0.615,200,1.57270074749486,2.30508077415184,SPY,equity,100,rich_20bp
44,1.381972730939713,0.4318181818181818,97.5831920229341,0.365,200,1.5679565538749656,3.465531154654707,QQQ,equity,100,rich_20bp
34,0.7909644014988606,0.29411764705882354,-42.8413833268516,0.32,200,0.9881872796611646,4.87806431179985,IWM,equity,100,rich_20bp
49,0.5016431884886122,0.2857142857142857,-155.30838410977452,0.015,200,1.0854551806565658,9.242511329420006,EFA,equity,100,rich_20bp
47,0.5672699004387853,0.2765957446808511,-124.12002581711782,0.07,200,0.9484679538478241,7.444982460946663,EEM,equity,100,rich_20bp
43,1.0514227969018552,0.2558139534883721,13.76112613069859,0.6,200,0.9644270629641722,5.598749804011593,EWJ,equity,100,rich_20bp
42,0.8142455734950222,0.40476190476190477,-41.527719796539415,0.33,200,0.9347881030071163,3.261749245192569,EWG,equity,100,rich_20bp
48,0.5349265732066463,0.3333333333333333,-135.4778622115435,0.01,200,0.9821681522257766,7.42128583559153,FEZ,equity,100,rich_20bp
43,0.7338285526626681,0.32558139534883723,-68.41635021271863,0.175,200,1.0376653354927188,7.0414010783690335,EWU,equity,100,rich_20bp
30,1.1827157710216794,0.3,35.358498780433266,0.85,200,0.7989923113690078,2.5082370669113856,TLT,rates,100,rich_20bp
38,0.9860552638717475,0.3157894736842105,-3.64785053265501,0.61,200,0.8775744617604,6.946222510836931,IEF,rates,100,rich_20bp
22,3.9628133262251453,0.5454545454545454,306.4380484328616,0.915,200,1.7293140818674657,1.4432969625957148,SHY,rates,100,rich_20bp
34,0.7743386924371309,0.29411764705882354,-50.99980217236231,0.545,200,0.7255884871922945,3.9337420009015758,TIP,rates,100,rich_20bp
30,1.964275933242474,0.5333333333333333,154.2131390711099,0.955,200,0.7711887905585033,1.825369635605225,LQD,rates,100,rich_20bp
39,0.5643637684814898,0.2564102564102564,-122.23584878847274,0.3,200,0.6948604592983546,7.270226068724947,HYG,rates,100,rich_20bp
35,0.6492402609836521,0.2857142857142857,-77.18307125246187,0.345,200,0.7808499643499396,5.6959749512269715,BWX,rates,100,rich_20bp
42,0.3391864250947053,0.2857142857142857,-190.23661065657623,0.025,200,0.68287004462276,10.68441735836776,FXE,fx,100,rich_20bp
44,0.8528919328949981,0.29545454545454547,-45.90446211033715,0.21,200,1.1635290189645642,7.522511359174951,FXY,fx,100,rich_20bp
47,0.4902997864174814,0.2765957446808511,-163.64189755584945,0.07,200,0.8867934477023606,8.182094877792439,FXB,fx,100,rich_20bp
45,0.38423358765990817,0.24444444444444444,-190.58035104061224,0.045,200,0.7537876527291683,11.09415889873761,FXA,fx,100,rich_20bp
37,0.46848665660796257,0.32432432432432434,-113.7529864634364,0.105,200,0.8689943702603387,6.452015223070327,FXF,fx,100,rich_20bp
36,0.7583983414816955,0.2777777777777778,-53.03586105314146,0.18,200,1.0596024547997522,4.8886824438432095,UUP,fx,100,rich_20bp
35,1.1738737228188343,0.34285714285714286,33.36766703220747,0.655,200,1.0268385384373806,3.973550664847889,DBA,ags,100,rich_20bp
36,1.0499499373500123,0.3333333333333333,11.153239236697067,0.695,200,0.8300087252853705,4.607109152088692,CORN,ags,100,rich_20bp
41,0.2346021277502856,0.1951219512195122,-218.45264230613606,0.0,200,0.727047422693165,11.591813872700927,WEAT,ags,100,rich_20bp
32,1.39766330782806,0.375,82.62230299863985,0.795,200,0.7984556164971757,4.585013651168043,SOYB,ags,100,rich_20bp
42,0.9345297395691574,0.2619047619047619,-19.18991393142743,0.505,200,0.9248420372571897,5.861837044019647,CANE,ags,100,rich_20bp
39,1.4267074662836368,0.3076923076923077,114.20692729538122,0.615,200,1.2729632540841134,7.383318982064465,DBC,cmdty,100,rich_20bp
37,1.5551894764671883,0.32432432432432434,149.79891421056152,0.67,200,1.2970047726346592,4.977437785970329,GSG,cmdty,100,rich_20bp
74,1.637311920785297,0.35135135135135137,313.61722310449335,0.67,200,1.4635365672516503,4.129175110274697,GLD,metals,20,crypto_like
70,1.5114575416296077,0.2857142857142857,216.77123736512266,0.635,200,1.3925231998168899,6.731178811859588,SLV,metals,20,crypto_like
74,1.6448391798836668,0.36486486486486486,309.5543267644215,0.615,200,1.4922252511355985,4.781141545275722,IAU,metals,20,crypto_like
78,0.9199090074890611,0.32051282051282054,-35.15279848462761,0.425,200,1.010057275791472,9.386904953785475,PPLT,metals,20,crypto_like
84,0.8869454766791365,0.25,-68.39784072478511,0.285,200,1.040253764194575,9.321532391828747,CPER,metals,20,crypto_like
80,0.8616996813043475,0.2875,-72.79300849307386,0.32,200,1.0441820247698512,11.847443537347557,PALL,metals,20,crypto_like
69,1.6946880895795469,0.3188405797101449,303.7894834844314,0.67,200,1.4352267292786802,6.3419130624837186,USO,energy,20,crypto_like
67,1.9241815786590948,0.40298507462686567,376.3961807795133,0.845,200,1.5333356649169236,3.317596363423145,BNO,energy,20,crypto_like
78,0.8032792011664001,0.34615384615384615,-88.33550822201477,0.455,200,0.8239135099506555,6.889238805994291,UNG,energy,20,crypto_like
84,1.035817191771758,0.2857142857142857,20.08169250745913,0.2,200,1.3322642396980275,12.549134810521936,UGA,energy,20,crypto_like
67,1.252772009403156,0.40298507462686567,99.90339394501451,0.775,200,0.975425461305532,7.085125295276621,XLE,energy,20,crypto_like
73,1.0531265708084385,0.3835616438356164,22.50305202478548,0.195,200,1.3016413669419915,6.291747822069675,SPY,equity,20,crypto_like
70,1.215885972884764,0.38571428571428573,89.05707171603574,0.365,200,1.317698747178082,5.118750789451367,QQQ,equity,20,crypto_like
70,0.8638965949125427,0.32857142857142857,-61.9300864747405,0.56,200,0.8248987618389705,10.112584008784147,IWM,equity,20,crypto_like
83,0.7634471255830495,0.30120481927710846,-120.64318672029421,0.22,200,0.9438126846974575,9.012355461342505,EFA,equity,20,crypto_like
86,0.8633296324825779,0.3372093023255814,-70.11223947551849,0.43,200,0.9017882296951568,7.126912998526611,EEM,equity,20,crypto_like
90,0.6361314828638971,0.2111111111111111,-218.13855501162422,0.055,200,0.987978957487627,14.293622400258743,EWJ,equity,20,crypto_like
84,0.8199821034932054,0.32142857142857145,-93.8059869254676,0.385,200,0.901392633017023,7.903042567342246,EWG,equity,20,crypto_like
84,0.6448255099249628,0.2976190476190476,-178.79296720708865,0.115,200,0.8683264116870366,9.799251310173666,FEZ,equity,20,crypto_like
85,0.7250890455414715,0.2823529411764706,-150.41381288330388,0.155,200,0.9994706048376802,11.845802135216951,EWU,equity,20,crypto_like
85,0.7214137887447398,0.27058823529411763,-161.87047934592232,0.345,200,0.8209566485506716,8.872197625486397,TLT,rates,20,crypto_like
83,0.7786023256969893,0.3132530120481928,-126.69318411508021,0.335,200,0.9104021704480108,9.153539114805413,IEF,rates,20,crypto_like
32,2.4265773777294295,0.5,281.8947196920037,0.805,200,1.5621747630913199,1.3688031234129117,SHY,rates,20,crypto_like
77,0.5029463336518374,0.2597402597402597,-290.6636896150031,0.135,200,0.7170011224281225,14.533184480750174,TIP,rates,20,crypto_like
72,0.9942910948053807,0.3333333333333333,-2.7606968672871233,0.68,200,0.849168023037574,5.338851677847396,LQD,rates,20,crypto_like
68,0.5322297543280591,0.3088235294117647,-215.48188082478686,0.165,200,0.6821231545508726,11.102324080900564,HYG,rates,20,crypto_like
69,0.7906404847133076,0.3188405797101449,-93.93966882072321,0.41,200,0.8428803411576713,5.793293410494826,BWX,rates,20,crypto_like
83,0.6837003489027599,0.3132530120481928,-165.55855635869395,0.535,200,0.6637979862291215,10.381206173458821,FXE,fx,20,crypto_like
83,1.075488538261435,0.3614457831325301,40.81662102610562,0.4,200,1.1373035632462307,7.442913229828234,FXY,fx,20,crypto_like
97,0.6434295211715687,0.27835051546391754,-235.11615549643835,0.105,200,0.8999511093983573,13.578702511130029,FXB,fx,20,crypto_like
94,0.6551329955950689,0.2978723404255319,-208.32742382781976,0.31,200,0.7562175763629033,14.591144450040883,FXA,fx,20,crypto_like
86,0.7982513392265495,0.313953488372093,-119.51953507611859,0.355,200,0.9005068846287752,11.000138053135485,FXF,fx,20,crypto_like
78,0.9155383008979961,0.32051282051282054,-43.86075862910345,0.365,200,1.014864745550411,7.0658454108556,UUP,fx,20,crypto_like
75,0.9733522981361309,0.3466666666666667,-12.105048971324965,0.59,200,0.9240342342020569,8.924583908960381,DBA,ags,20,crypto_like
69,1.0257680642162006,0.36231884057971014,10.951728243948025,0.645,200,0.9056216860446418,4.887411186866557,CORN,ags,20,crypto_like
71,0.7627679202840435,0.39436619718309857,-88.35417878474745,0.59,200,0.6925097096724058,5.645475854797059,WEAT,ags,20,crypto_like
72,1.030136972849537,0.3055555555555556,13.79725195556695,0.655,200,0.8772384301565712,7.177042311643697,SOYB,ags,20,crypto_like
75,1.0629479526808636,0.32,28.8400914999359,0.58,200,0.975393509163917,6.431593404156785,CANE,ags,20,crypto_like
83,1.0193606048297783,0.2891566265060241,11.048414692067322,0.225,200,1.2130979176768115,10.949474379561797,DBC,cmdty,20,crypto_like
81,1.0931635749978375,0.32098765432098764,53.64953764492198,0.29,200,1.2728710704122688,11.413390009948461,GSG,cmdty,20,crypto_like
32,2.97004598034206,0.4375,322.1466924117596,0.93,200,1.7231742503384104,2.9965572611497104,GLD,metals,100,crypto_like
31,1.8449929116313275,0.3225806451612903,173.422463530052,0.705,200,1.4429680393049673,5.675176566851231,SLV,metals,100,crypto_like
33,2.7948253690877785,0.42424242424242425,311.5171636554628,0.905,200,1.7416352866751204,3.491013968852294,IAU,metals,100,crypto_like
32,0.819560695145028,0.28125,-36.991035707649885,0.345,200,0.9777445015189568,7.826754194316907,PPLT,metals,100,crypto_like
32,1.3582289487565309,0.375,71.30667666414004,0.62,200,1.1992154804631496,3.3008690568009027,CPER,metals,100,crypto_like
44,0.8594935353004883,0.3409090909090909,-39.584047469130255,0.355,200,0.9921862118099594,7.09755750808542,PALL,metals,100,crypto_like
32,1.7915086022606599,0.3125,179.9897341858299,0.725,200,1.3967708959440488,6.29388068085565,USO,energy,100,crypto_like
31,2.181949970534388,0.3870967741935484,229.24467521288145,0.84,200,1.5685404559164935,4.847733865526142,BNO,energy,100,crypto_like
43,0.7351673989957498,0.27906976744186046,-82.69721374392074,0.475,200,0.762340043647618,6.882457807857743,UNG,energy,100,crypto_like
34,1.9912830917199058,0.38235294117647056,197.40414460405518,0.82,200,1.406562066706595,3.289272040848544,UGA,energy,100,crypto_like
34,1.180975535924083,0.35294117647058826,41.21921421091182,0.675,200,0.9194891962409275,6.573432960771189,XLE,energy,100,crypto_like
41,1.6748765171720292,0.5121951219512195,138.50610149362046,0.615,200,1.5251902809591793,2.3832909188897515,SPY,equity,100,crypto_like
44,1.3521104531914645,0.4318181818181818,90.7988782180946,0.365,200,1.5152785810395124,3.5043311227869722,QQQ,equity,100,crypto_like
34,0.7691142158677015,0.29411764705882354,-48.018418728402125,0.315,200,0.9637511012980777,4.96869973694801,IWM,equity,100,crypto_like
49,0.4867715141246437,0.24489795918367346,-161.94033713172723,0.015,200,1.0303736922272522,9.546352717623893,EFA,equity,100,crypto_like
47,0.5504756450357947,0.2765957446808511,-130.58070868527315,0.065,200,0.9233729360739726,7.685643925209895,EEM,equity,100,crypto_like
43,1.0262778092224965,0.2558139534883721,7.137995192094515,0.63,200,0.9377681181774344,5.749877071514945,EWJ,equity,100,crypto_like
43,0.7272826064218532,0.3953488372093023,-64.45413758286298,0.27,200,0.8974984818404808,4.277832023767739,EWG,equity,100,crypto_like
49,0.492429558357986,0.30612244897959184,-157.21039923602413,0.01,200,0.953785145575137,8.468420900976144,FEZ,equity,100,crypto_like
43,0.713343036389714,0.3023255813953488,-74.5837439442641,0.175,200,1.020934553823873,7.232049536326814,EWU,equity,100,crypto_like
30,1.157084437953853,0.3,30.795270937310697,0.855,200,0.7805483750167768,2.5522706506014172,TLT,rates,100,crypto_like
38,0.9647968048850121,0.3157894736842105,-9.31408302944623,0.63,200,0.8472710595970769,7.076774811353436,IEF,rates,100,crypto_like
22,3.9154723315116144,0.5454545454545454,304.0383751311612,0.915,200,1.680537628807893,1.462288217437443,SHY,rates,100,crypto_like
34,0.7550811138825286,0.29411764705882354,-56.05722925592853,0.56,200,0.7076694815693323,3.9819912987758923,TIP,rates,100,crypto_like
30,1.9249151800253756,0.5333333333333333,149.18001832061728,0.955,200,0.7542335420020967,1.859770828085629,LQD,rates,100,crypto_like
39,0.5506347846987767,0.2564102564102564,-127.48382806502906,0.325,200,0.6742174762114393,7.427869885943528,HYG,rates,100,crypto_like
35,0.6289921622163391,0.2857142857142857,-83.00639376502099,0.36,200,0.7512139612289228,5.828155983976313,BWX,rates,100,crypto_like
42,0.3275712822826362,0.2857142857142857,-195.48201118091228,0.025,200,0.660127010902479,10.91668192229484,FXE,fx,100,crypto_like
44,0.8351509562241305,0.29545454545454547,-51.943080455555986,0.215,200,1.1393204834049508,7.633824556098228,FXY,fx,100,crypto_like
47,0.4768474951907023,0.2765957446808511,-169.693378645395,0.07,200,0.8529541601483139,8.484668932269756,FXB,fx,100,crypto_like
48,0.33210498070375294,0.22916666666666666,-232.40447047216998,0.02,200,0.7344238608491164,13.127642096073561,FXA,fx,100,crypto_like
37,0.44137490825902476,0.32432432432432434,-123.66002722719577,0.08,200,0.849320674624824,6.89225320836266,FXF,fx,100,crypto_like
36,0.7374958838254717,0.2777777777777778,-58.47689759910097,0.185,200,1.029240259733018,5.116754705259412,UUP,fx,100,crypto_like
35,1.1427315754233234,0.34285714285714286,27.79430742737166,0.655,200,0.9895123947491034,4.060136768359433,DBA,ags,100,crypto_like
36,1.0244901306398586,0.3333333333333333,5.5391622673996554,0.69,200,0.7988646895725484,4.688477982282566,CORN,ags,100,crypto_like
41,0.22601629152640726,0.1951219512195122,-223.88891977257242,0.0,200,0.714631028387788,11.839634218646465,WEAT,ags,100,crypto_like
32,1.3703331241979644,0.375,77.75103605587708,0.805,200,0.7714079790028542,4.728135891597712,SOYB,ags,100,crypto_like
42,0.9159519580006376,0.23809523809523808,-24.914569551478746,0.515,200,0.8925513538718198,5.960908733889609,CANE,ags,100,crypto_like
39,1.4003281301492412,0.3076923076923077,108.31825589333077,0.635,200,1.2216454267529542,7.480916766860342,DBC,cmdty,100,crypto_like
37,1.5294493553813682,0.32432432432432434,144.24352098214757,0.695,200,1.2333982311815375,5.058424683379741,GSG,cmdty,100,crypto_like
